6E 384,10,13
6E 257,10,12
6E 388,8,13
6E 263,7,11
6E 392,10,10
6E 266,10,13
6E 215,5,12
6E 396,7,13
6E 397,10,12
6E 272,10,11
6E 403,6,11
6E 404,10,13
6E 406,8,11
6E 280,9,10
6E 413,7,12
6E 290,10,10
6E 293,10,10
6E 423,10,12
6E 300,5,11
6E 435,6,11
6E 438,10,11
6E 312,5,13
6E 315,5,12
6E 320,5,12
6E 449,9,10
6E 322,9,13
6E 453,9,9
6E 455,10,11
6E 333,9,12
6E 467,5,11
6E 461,6,9
6E 464,7,13
6E 210,5,9
6E 339,9,13
6E 469,10,13
6E 343,5,10
6E 474,10,11
6E 347,6,11
6E 223,8,9
6E 480,9,10
6E 336,10,9
6E 443,10,13
6E 356,10,9
6E 357,7,13
6E 232,9,11
6E 365,9,10
6E 229,6,10
6E 499,8,10
6E 378,10,13
6E 251,5,10
